{
  "lang":"en",
  "name":"pipeline",
  "version":"0.0.0",
  "spacy_version":">=3.6.1,<3.7.0",
  "description":"",
  "author":"",
  "email":"",
  "url":"",
  "license":"",
  "spacy_git_version":"458bc5f45",
  "vectors":{
    "width":0,
    "vectors":0,
    "keys":0,
    "name":null,
    "mode":"default"
  },
  "labels":{
    "textcat":[
      "trade",
      "grain",
      "crude",
      "veg-oil",
      "ship",
      "coffee",
      "gold",
      "acq",
      "money-fx",
      "earn",
      "sugar",
      "gnp",
      "oilseed",
      "cpi",
      "interest",
      "cocoa",
      "livestock",
      "money-supply",
      "copper"
    ]
  },
  "pipeline":[
    "textcat"
  ],
  "components":[
    "textcat"
  ],
  "disabled":[

  ],
  "performance":{
    "cats_score":0.8201147291,
    "cats_score_desc":"macro F",
    "cats_micro_p":0.9294935452,
    "cats_micro_r":0.9294935452,
    "cats_micro_f":0.9294935452,
    "cats_macro_p":0.8738442378,
    "cats_macro_r":0.7988042039,
    "cats_macro_f":0.8201147291,
    "cats_macro_auc":0.981683819,
    "cats_f_per_type":{
      "trade":{
        "p":0.843373494,
        "r":0.8235294118,
        "f":0.8333333333
      },
      "grain":{
        "p":0.888,
        "r":0.9568965517,
        "f":0.9211618257
      },
      "crude":{
        "p":0.8290598291,
        "r":0.8981481481,
        "f":0.8622222222
      },
      "veg-oil":{
        "p":0.5555555556,
        "r":0.6666666667,
        "f":0.6060606061
      },
      "ship":{
        "p":0.7931034483,
        "r":0.696969697,
        "f":0.7419354839
      },
      "coffee":{
        "p":0.9583333333,
        "r":0.9583333333,
        "f":0.9583333333
      },
      "gold":{
        "p":1.0,
        "r":0.9130434783,
        "f":0.9545454545
      },
      "acq":{
        "p":0.9559748428,
        "r":0.970212766,
        "f":0.9630411827
      },
      "money-fx":{
        "p":0.875862069,
        "r":0.8881118881,
        "f":0.8819444444
      },
      "earn":{
        "p":0.987357775,
        "r":0.9848675914,
        "f":0.9861111111
      },
      "sugar":{
        "p":1.0,
        "r":0.8461538462,
        "f":0.9166666667
      },
      "gnp":{
        "p":0.7826086957,
        "r":0.9,
        "f":0.8372093023
      },
      "oilseed":{
        "p":0.6666666667,
        "r":0.5,
        "f":0.5714285714
      },
      "cpi":{
        "p":0.8125,
        "r":0.8666666667,
        "f":0.8387096774
      },
      "interest":{
        "p":0.7213114754,
        "r":0.7586206897,
        "f":0.7394957983
      },
      "cocoa":{
        "p":1.0,
        "r":0.8333333333,
        "f":0.9090909091
      },
      "livestock":{
        "p":1.0,
        "r":0.3125,
        "f":0.4761904762
      },
      "money-supply":{
        "p":0.9333333333,
        "r":0.9032258065,
        "f":0.9180327869
      },
      "copper":{
        "p":1.0,
        "r":0.5,
        "f":0.6666666667
      }
    },
    "textcat_loss":0.3851659486
  }
}