{
  "lang":"en",
  "name":"pipeline",
  "version":"0.0.0",
  "spacy_version":">=3.6.1,<3.7.0",
  "description":"",
  "author":"",
  "email":"",
  "url":"",
  "license":"",
  "spacy_git_version":"458bc5f45",
  "vectors":{
    "width":0,
    "vectors":0,
    "keys":0,
    "name":null,
    "mode":"default"
  },
  "labels":{
    "textcat_multilabel":[
      "trade",
      "grain",
      "crude",
      "nat-gas",
      "corn",
      "rice",
      "sugar",
      "veg-oil",
      "ship",
      "coffee",
      "wheat",
      "gold",
      "acq",
      "interest",
      "money-fx",
      "copper",
      "ipi",
      "carcass",
      "livestock",
      "oilseed",
      "soybean",
      "earn",
      "bop",
      "gas",
      "jobs",
      "cpi",
      "gnp",
      "dlr",
      "yen",
      "cocoa",
      "cotton",
      "money-supply",
      "iron-steel",
      "alum",
      "reserves",
      "barley"
    ]
  },
  "pipeline":[
    "textcat_multilabel"
  ],
  "components":[
    "textcat_multilabel"
  ],
  "disabled":[

  ],
  "performance":{
    "cats_score":0.8195452172,
    "cats_score_desc":"macro AUC",
    "cats_micro_p":0.9463858305,
    "cats_micro_r":0.7832805071,
    "cats_micro_f":0.8571428571,
    "cats_macro_p":0.7777837842,
    "cats_macro_r":0.4945842701,
    "cats_macro_f":0.5838934935,
    "cats_macro_auc":0.8195452172,
    "cats_f_per_type":{
      "trade":{
        "p":0.8970588235,
        "r":0.6559139785,
        "f":0.7577639752
      },
      "grain":{
        "p":0.9444444444,
        "r":0.796875,
        "f":0.8644067797
      },
      "crude":{
        "p":0.9195402299,
        "r":0.7547169811,
        "f":0.829015544
      },
      "nat-gas":{
        "p":1.0,
        "r":0.3548387097,
        "f":0.5238095238
      },
      "corn":{
        "p":0.8918918919,
        "r":0.6226415094,
        "f":0.7333333333
      },
      "rice":{
        "p":0.0,
        "r":0.0,
        "f":0.0
      },
      "sugar":{
        "p":0.8,
        "r":0.6857142857,
        "f":0.7384615385
      },
      "veg-oil":{
        "p":0.9230769231,
        "r":0.5454545455,
        "f":0.6857142857
      },
      "ship":{
        "p":0.9285714286,
        "r":0.65,
        "f":0.7647058824
      },
      "coffee":{
        "p":1.0,
        "r":0.7142857143,
        "f":0.8333333333
      },
      "wheat":{
        "p":0.8666666667,
        "r":0.65,
        "f":0.7428571429
      },
      "gold":{
        "p":1.0,
        "r":0.6060606061,
        "f":0.7547169811
      },
      "acq":{
        "p":0.9798657718,
        "r":0.933901919,
        "f":0.9563318777
      },
      "interest":{
        "p":0.8829787234,
        "r":0.7410714286,
        "f":0.8058252427
      },
      "money-fx":{
        "p":0.8536585366,
        "r":0.7894736842,
        "f":0.8203125
      },
      "copper":{
        "p":1.0,
        "r":0.5555555556,
        "f":0.7142857143
      },
      "ipi":{
        "p":1.0,
        "r":0.375,
        "f":0.5454545455
      },
      "carcass":{
        "p":0.0,
        "r":0.0,
        "f":0.0
      },
      "livestock":{
        "p":1.0,
        "r":0.1428571429,
        "f":0.25
      },
      "oilseed":{
        "p":0.8888888889,
        "r":0.32,
        "f":0.4705882353
      },
      "soybean":{
        "p":0.5,
        "r":0.1764705882,
        "f":0.2608695652
      },
      "earn":{
        "p":0.9857142857,
        "r":0.9644218551,
        "f":0.9749518304
      },
      "bop":{
        "p":0.6315789474,
        "r":0.6,
        "f":0.6153846154
      },
      "gas":{
        "p":0.8666666667,
        "r":0.3823529412,
        "f":0.5306122449
      },
      "jobs":{
        "p":1.0,
        "r":0.4615384615,
        "f":0.6315789474
      },
      "cpi":{
        "p":0.8181818182,
        "r":0.45,
        "f":0.5806451613
      },
      "gnp":{
        "p":1.0,
        "r":0.5882352941,
        "f":0.7407407407
      },
      "dlr":{
        "p":0.8421052632,
        "r":0.4705882353,
        "f":0.6037735849
      },
      "yen":{
        "p":0.0,
        "r":0.0,
        "f":0.0
      },
      "cocoa":{
        "p":0.9230769231,
        "r":0.7058823529,
        "f":0.8
      },
      "cotton":{
        "p":0.0,
        "r":0.0,
        "f":0.0
      },
      "money-supply":{
        "p":0.90625,
        "r":0.8529411765,
        "f":0.8787878788
      },
      "iron-steel":{
        "p":0.0,
        "r":0.0,
        "f":0.0
      },
      "alum":{
        "p":1.0,
        "r":0.1428571429,
        "f":0.25
      },
      "reserves":{
        "p":1.0,
        "r":0.6153846154,
        "f":0.7619047619
      },
      "barley":{
        "p":0.75,
        "r":0.5,
        "f":0.6
      }
    },
    "textcat_multilabel_loss":0.6828949462
  }
}