{
  "lang":"en",
  "name":"pipeline",
  "version":"0.0.0",
  "spacy_version":">=3.6.1,<3.7.0",
  "description":"",
  "author":"",
  "email":"",
  "url":"",
  "license":"",
  "spacy_git_version":"458bc5f45",
  "vectors":{
    "width":0,
    "vectors":0,
    "keys":0,
    "name":null,
    "mode":"default"
  },
  "labels":{
    "textcat":[
      "trade",
      "grain",
      "crude",
      "veg-oil",
      "ship",
      "coffee",
      "gold",
      "acq",
      "money-fx",
      "earn",
      "sugar",
      "gnp",
      "oilseed",
      "cpi",
      "interest",
      "cocoa",
      "livestock",
      "money-supply",
      "copper"
    ]
  },
  "pipeline":[
    "textcat"
  ],
  "components":[
    "textcat"
  ],
  "disabled":[

  ],
  "performance":{
    "cats_score":0.8250339909,
    "cats_score_desc":"macro F",
    "cats_micro_p":0.9280039722,
    "cats_micro_r":0.9280039722,
    "cats_micro_f":0.9280039722,
    "cats_macro_p":0.882181617,
    "cats_macro_r":0.7955368603,
    "cats_macro_f":0.8250339909,
    "cats_macro_auc":0.9744929421,
    "cats_f_per_type":{
      "trade":{
        "p":0.701754386,
        "r":0.9411764706,
        "f":0.8040201005
      },
      "grain":{
        "p":0.8671875,
        "r":0.9568965517,
        "f":0.9098360656
      },
      "crude":{
        "p":0.9072164948,
        "r":0.8148148148,
        "f":0.8585365854
      },
      "veg-oil":{
        "p":0.875,
        "r":0.4666666667,
        "f":0.6086956522
      },
      "ship":{
        "p":0.7931034483,
        "r":0.696969697,
        "f":0.7419354839
      },
      "coffee":{
        "p":0.88,
        "r":0.9166666667,
        "f":0.8979591837
      },
      "gold":{
        "p":1.0,
        "r":0.8695652174,
        "f":0.9302325581
      },
      "acq":{
        "p":0.9557894737,
        "r":0.9659574468,
        "f":0.9608465608
      },
      "money-fx":{
        "p":0.8811188811,
        "r":0.8811188811,
        "f":0.8811188811
      },
      "earn":{
        "p":0.9886075949,
        "r":0.9848675914,
        "f":0.9867340493
      },
      "sugar":{
        "p":1.0,
        "r":0.8461538462,
        "f":0.9166666667
      },
      "gnp":{
        "p":0.85,
        "r":0.85,
        "f":0.85
      },
      "oilseed":{
        "p":0.6470588235,
        "r":0.6875,
        "f":0.6666666667
      },
      "cpi":{
        "p":0.8571428571,
        "r":0.8,
        "f":0.8275862069
      },
      "interest":{
        "p":0.7586206897,
        "r":0.7586206897,
        "f":0.7586206897
      },
      "cocoa":{
        "p":1.0,
        "r":0.75,
        "f":0.8571428571
      },
      "livestock":{
        "p":0.8333333333,
        "r":0.625,
        "f":0.7142857143
      },
      "money-supply":{
        "p":0.9655172414,
        "r":0.9032258065,
        "f":0.9333333333
      },
      "copper":{
        "p":1.0,
        "r":0.4,
        "f":0.5714285714
      }
    },
    "textcat_loss":0.5190436348
  }
}